path,class,R_mean,G_mean,B_mean,R_std,G_std,B_std
images\Borsh.png,Borsh,0.5398029526829158,0.2494267920787584,0.21077025523832588,41.44113361627143,37.97235170917848,33.8098003830338
images\Eclair.jpg,Eclair,0.36141067479969946,0.32058761291474874,0.3180017122855518,67.7965842809779,69.31239482311875,68.68722147683206
images\KFC.png,KFC,0.4955201976538365,0.3269289691282974,0.17755083321786613,52.70593484700975,48.74215453329869,43.76936030727534
images\Pizza.png,Pizza,0.4753147725805758,0.2958543827187056,0.22883084470071863,35.14494127903652,55.88503734624526,53.245020341677126
images\Scramble_egg.jpg,Scramble_egg,0.3783228015373126,0.35485275378331893,0.2668244446793685,27.26496853333276,23.942292695174057,34.29686037360952
images\Tom_yam.png,Tom_yam,0.5208630392174317,0.33803610185429456,0.14110085892827373,36.65362502054625,34.60207852448852,43.74004289009006
images\Turkey_croissant.jpg,Turkey_croissant,0.4695311893755474,0.333186053030411,0.19728275759404165,46.85535929944238,56.76622347062457,52.975054676693205
images\Twister.png,Twister,0.4515593084036992,0.3437281865701648,0.2047125050261359,32.68952765881586,32.15114279306284,39.27687814797234
